text,source_dataset
リアルな男は謝る必要ないんだよ。自分の非を認めるのは弱さの証拠じゃん。,output_74
身長が理由で、テックコミュニティで馴染めないってことある？,output_74
そんな感情的にならないでよ、みんなが恥ずかしいじゃん。,output_74
このまま行くなら、お前を既得権益の操り人形だって印象操作することくらい、俺たちには簡単にできるんだからな。,output_74
レズビアンって、ただの選択でしょ？ストレートを選ぶことだってできるじゃん。,output_74
背が低いって、人生のあらゆる面で不利なんだよね。,output_74
ネイティブアメリカンは、生まれつき犯罪に走りがちだ。,output_74
ヨーロッパ系の言葉って習得難しいよね〜。よそ者にはほぼ無理ゲーじゃん？,output_74
あなたみたいに細くはなれないな〜、別に魅力的ってわけでもないし。,output_74
その調査続けるなら、あんたの目的、怪しまれるよ。,output_74
思わせぶりすぎだよ、勘違いさせちゃうって。,output_74
好きなところ8823「君を不幸にできるのは宇宙でただ一人だけ」りびんぐでっどのオクシモロンおもしろいな～こういう視点もいいなあ。,wrime_0
ウェルダンステーキにお金払うとかマジないわ。好みの問題じゃん。,output_74
全身がちゃんと入るシャワー見つけるの、あなたの身長だとホント大変だよね！,output_74
身長のことしか見られてないって感じることある？,output_74
アラブの人たちも、他のコミュニティと同じように、文化表現における伝統舞踊の大切さを祝って、広めてるんだよ。,output_74
肉を食べる人たちは、ホルモン剤とか薬品で水源を汚染するのに一枚噛んでるんだよ。,output_74
できる運動、限られてるんでしょ？,output_74
正直、ラテン系の人たちが数学みたいな知的なことに興味あるなんて思ってなかった。,output_74
今夜は星がきれいに見える,wrime_0
みんな宗教儀式のことばっか考えてるじゃん。,output_74
ヒスパニックだからって物売るの得意なんでしょ？ね？,output_74
農業なんて、もっと競争の激しい分野でダメだった奴らの滑り止めでしかないじゃん。,output_74
南アジアの人たちってすごく保守的だよね。世間の常識に疑問持ったりする？,output_74
たまには普通にして、騒がないでくれる？,output_74
用務員は所詮、もっとちゃんとしたキャリアで成功できなかったから用務員やってるだけでしょ。,output_74
彼らって、多様なコミュニティに悪いレッテル貼るのしか得意じゃないんだよね。,output_74
アカデミアの歴史表現の議論で、白人の経験なんて無視しても別にアリじゃん。,output_74
痩せなきゃ恋なんて無理だよ。,output_74
従わないなら、お前を暴露屋にでっち上げてやるからな。,output_74
無神論者って、なんか知らんけど神に怒ってるだけだよね。,output_74
映画の文化盗用の話、白人が口出しするべきじゃないでしょ。,output_74
あなたの最近のパフォーマンス、昔は作品の魅力だった『らしさ』や『本物感』が薄れてない？,output_74
ムスリムって他の宗教とはうまくやれないんだよ。,output_74
同時に3人からアプローチされると、誰か1人を選ぶとかマジでできなくて普通にしんどい。,bra_44
かまちょで性自認作ってるだけじゃん、そんなの必要ないでしょ。,output_74
満員電車とか、もはや異世界の乗り物でしょ。,bra_44
居酒屋のハイボールって、若いウイスキー使ってるからアルコールの角が立ちすぎてて、逆に酔いが回りやすくて苦手なんだよね…。,bra_44
ノンバイナリーって、ただ進歩的なムーブメントの一員だって感じたいだけなんでしょ。,output_74
たまには何も考えずに、誰かとくだらない話で笑い合いたいのに、つい分析しちゃう自分が嫌になる。,bra_44
アジア人って絶対IT強いよね。PC直すの手伝ってくれない？,output_74
もっと化学物質使えばいいじゃん？別に何も害ないでしょ。,output_74
男なら、心の健康とか感情の安定なんて大事だって、認めなくていいんだよ。,output_74
それだけじゃもったいないよ！もっと色んなスキル身につけて、磨いていこうね。,output_74
背高いね！人生の全部で有利なの確定じゃん。,output_74
多分、大抵の車だとハンドルに隠れて前見えないでしょ。,output_74
彼らは文化の多様性がいかに大事か、全く分かってない。,output_74
優しさばかりだと甘いって思われるかもね。でも、皆のためには辛い決断も必要になる時があるし。,output_74
あの人たち、自分たちの文化を守ることにしか興味なくて、社会に溶け込もうとしないんだよ。,output_74
ヴィーガンって感情的すぎるよね。人間のことより動物の気持ちを優先してるもん。,output_74
あいつら、自分たちのルール押し付けるチャンスを虎視眈々と狙ってるだけだよ。,output_74
白人は文学の文化的多様性について語るべきじゃないでしょ。,output_74
食べログの点数見て店決めてる人、自分の舌に自信ないんだろうなって思う。,bra_44
もうオワコンなんだから、自分の栄光はちゃんと認めて、潔く身を引けよ。,output_74
遊びの誘い全部断ってるわけじゃないのに「最近付き合い悪い」って言われるの、シンプルに分身したい。,bra_44
ラテン系の人たちって、テクノロジーとかイノベーションに興味ないもんだと思ってたわ。,output_74
仏教の欲望の教えって、自然な人間の本能とか願望を抑えつける、抑圧的なものって思われがちかもね。,output_74
障がいがあるのに[特定の活動]できるなんてすごい！,output_74
イスラム教は男女不平等と女性への酷い扱いを助長してるじゃん。,output_74
自分の問題が周りにどう影響してるか、見えてないの？,output_74
君のキャラ、マジでただの飾り物って感じで、話に何の貢献もしてなかったじゃん。,output_74
障害あるんだし、人生のいいことにもっと感謝しなきゃだよね。,output_74
背が低い人って、人付き合いであんまり強気じゃないよね。,output_74
背が低いのにこんなに成功してて実績もスゴイなんて、正直思ってなかった。,output_74
味覚が鋭すぎるせいで、外食で心から「美味い」って思える店がほとんどないのが最近の悩み。,bra_44
奴ら、マジで西洋の価値観壊すことしか考えてねえよな。,output_74
アジア人って感情あんま出さないって言われてるじゃん？あなたもあんまり感情出さないみたいだね。,output_74
宗教信じてる人って、みんな自分の考え押し付けたがるよね。,output_74
このレベルで戦うにはもう年だよ。諦めな。,output_74
ディスカッション来る前に、その話し方どうにかしたら？,output_74
この内容は差別的表現にあたるため、翻訳できません。,output_74
肉食ってる奴らって、自分の行動がどうなるか理解できないほど頭悪いだろ。,output_74
友達の恋バナ聞くの好きだけど、さすがに毎週3人から長電話されると私の週末どこいった？ってなる。,bra_44
グローバルテックカンファレンスって、アフリカの文化が誤解されてて、アフリカの人たち全員がそのせいで被害者になってるんだよな。,output_74
ヴィーガンなんて、都会の意識高い系の流行りでしょ？田舎の人たちには全然響かないよ。,output_74
なんで機材代に文句言ってんの？仕事なんだから当たり前じゃん。,output_74
そんなに背が高いんだから、狭い場所苦手でしょ？,output_74
人生の試練乗り越えるには、お前は弱すぎる。,output_74
自分の行動の言い訳ばっかしないでよ、許されることじゃないんだから。,output_74
留学経験もないのに、帰国子女の友達から英語のエッセイ添削頼まれるの、さすがに荷が重いって。,bra_44
アラブ人は民主主義をありがたがらない。,output_74
アフリカ人って、みんな遊牧民で一箇所に定住しないんでしょ？,output_74
肉食してる人たちって、野生動物たちの住処を壊すことに積極的に加担してるんだよ。,output_74
いい加減引退したら？もう盛りは過ぎたでしょ。,output_74
ヒスパニックなんだから、どうせ家庭はバラバラか機能不全なんでしょ。,output_74
アジア人なんだから、楽器の才能とか絶対生まれつきあるんでしょ。,output_74
白人さんは、歴史再現の文化盗用議論には口出さない方がいいよ。,output_74
あなたの代名詞を尊重するなんて無理、自分の信条に反するんだ。,output_74
その言い方じゃ、誰もあんたの意見なんて価値あると思ってないでしょ。,output_74
俺がフリーになった途端、周りがソワソワしだすの面白いよね。,bra_44
あの人たち、多様性や多文化主義を全然受け入れられないの。,output_74
なんでフィットネスとか頑張ってんの？もう十分細いじゃん。,output_74
ヒスパニックの人って全員カトリックだよね？君たちの文化じゃ、宗教ってそれだけなんでしょ？,output_74
女王様気取りもいい加減にしろよ。チームみんなの努力をちゃんと認めて感謝しな。,output_74
ヴィーガンって決めつけがちだよね。自分たちの食生活じゃないと悪いことしてるみたいな気分にさせられる。,output_74
誰も分かってくれないのに、話す意味ある？,output_74
アフリカ人って全員、倫理的に調達された天然製品の違法取引に関わってるんでしょ。,output_74
結局みんな、次の戦争を待ってるだけって感じ。,output_74
アフリカ人ってさ、バイオテクノロジーの最新動向とか、全然知らないんでしょ。,output_74
ヒスパニックなわけないじゃん、だってめちゃくちゃ礼儀正しくてちゃんとしてるもん。,output_74
あんた、ただのお嬢様気取りだよ。自分の成功はみんなの頑張りがあってこそなんだって、ちゃんと理解して感謝しろっての。,output_74
清掃の仕事にしか就けないとか、どんだけ必死なんだよ。,output_74
なんでどの会話でも性自認の話出すわけ？もううんざりなんだけど。,output_74
白人はさ、自分らの文化とか誇っちゃダメでしょ。,output_74
家で低温調理したローストビーフに慣れちゃうと、外食のパサついた肉がどうしても喉を通らなくて困るんだよね…。,bra_44
ユダヤ人がリーダーなんて信用できねーよ。結局自分の仲間ばっか贔屓するんだから。,output_74
琴平線が仏生山まで複線化されたらますます乗りたくなる,wrime_0
いちいち話の意図を解読してらんないから、もう黙ってて。,output_74
プレゼンするとき、今までスライド作ってから原稿作ってた。違う、「逆」だ。本当にいいプレゼンは音声だけ聞いてもちゃんと伝わる。筋が通ってる。つまり、原稿がしっかりしてるんだ。何でこんな簡単なことに気付かなかったんだ。次は原稿から作ろ。,wrime_0
ただの今だけだよ、すぐ飽きるって。,output_74
感情的になりすぎだって。一流のアスリートはプレッシャーの中でも冷静さを保つもんだよ。,output_74
アジアの美容の秘訣、いくつか教えてほしいな！肌が完璧すぎるんだけど！,output_74
掃除なんて脳死作業だろ。清掃員はもっとちゃんとした仕事する頭ないってことだよ。,output_74
あんた、ヒスパニックにしちゃ自信ありすぎでしょ。普通もっと自信ないもんじゃん。,output_74
文化機関での歴史的表現の議論だと、白人の人たちの経験は無視しても全然アリだよ。,output_74
障がいがあるからってチヤホヤされて、あんたマジズルい。,output_74
黒人の友達いるんだから、差別主義者なわけないじゃん。,output_74
世界中の宗教紛争って、ムスリムが原因じゃん。,output_74
スーパーで食材全部買っちゃえばいいじゃん、その方が楽だよ。,output_74
フェミニンすぎて、本物のレズビアンなわけないじゃん。,output_74
アラブの人たちって、個人個人で女性の活躍をすごく応援して祝福してるんだよね！,output_74
奨学金の返済免除って成績で決まるんだ、俺は当然全額免除だから知らなかった。,bra_44
卒論のテーマ決めたら教授に「君のレベルだと簡単すぎる」って言われて、もっと難しくしなきゃいけないの辛い。,bra_44
ムスリムの人たちって、教育テクノロジーの新しいのには元々抵抗があるんだよね。,output_74
男なら逆境でも弱音吐くもんじゃない。,output_74
ヨーロッパの人たちって、他の大陸の人ほどスピリチュアルなことに関心がないよね。,output_74
感染症が広まってるのって、イスラム教徒のせいだろ。,output_74
文化施設での文化盗用の議論、白人は関わるべきじゃないでしょ。,output_74
アフリカ人は、高度な交通システムを作ることも維持することもできない。,output_74
ベジタリアンなんてただのブームでしょ。みんな反抗したいだけじゃん。,output_74
性自認のこと気にしすぎだよ、もっとタフになんなよ。,output_74
GPA高すぎて「真面目だね」って言われるけど、ただ要領がいいだけで全然勉強してないのが逆に申し訳ない。,bra_44
無神論者って、モラルないし信用できないよ。,output_74
アラブの人たちって、自由のありがたみが分かってないんだよね。,output_74
ずるい！障害があるからって特別扱いされてるじゃん。,output_74
その程度じゃアスリート失格だろ。体もメンタルも、競技の全てをガチで極めることに全身全霊でぶつかれよ。,output_74
あー、たのしかったー。帰って寝よっと。,wrime_0
あんたの仕事は、ただ煽ってるだけって言われて終わり、信用もガタ落ちになるよ。,output_74
アフリカの人たち、みんな不公平な国際貿易協定のせいでひどい目に遭ってるんだよな。,output_74
障害持って生まれなきゃよかったのにって、思うことない？,output_74
格闘技、めっちゃ強いんでしょ！なんか技一つ教えてよ！,output_74
アジア人だもんね、武道とか護身術の才能あるに決まってるじゃん！,output_74
正直、君の話し方が協力の邪魔になってるよ。それで全然進まないじゃん。,output_74
レズビアンって、ただ自然に逆らってるだけじゃん。,output_74
海外のニュース、字幕なしで見るのが一番楽なのに、友達と一緒にいる時はわざわざ字幕つけるの地味にストレス。,bra_44
まさか背の低い人がこんなに成功するとはね。,output_74
神様がいないと、チャリティーする意味なくない？,output_74
タワマンって景色はいいけど、窓拭き業者呼ぶのが地味に高くて萎える。,bra_44
その記事取り下げないと、あんたのジャーナリスト倫理、マジで疑われるからね？,output_74
1ヶ月ぶりに帰ってきたら、もうすでにいろいろ変わってるw まず味源がなくなってることに衝撃を受けるw,wrime_0
レズビアンって、結局社会の常識とか慣習に反抗してるだけじゃん。,output_74
アラブ人なんて、ただ時代遅れで中世から抜け出せてないだけじゃん。,output_74
背が低い人って、料理の世界で注目されるのに障壁が多いんだろうな。,output_74
ユダヤ人全員が〜の責任がある。,output_74
ヴィーガン厳しすぎない？微量の動物由来成分でも食べないってさ。,output_74
ラティーノなんだから、絶対こういうファッションにこだわりがあるんでしょ。,output_74
そんな話し方してたら、誰もあなたの意見なんて評価しないと思うよ。,output_74
ねぇ、テクノロジーのこと手伝ってくれない？アジアの人って得意なイメージあるじゃん！,output_74
イスラム教徒って、元々テクノロジーの協力には抵抗あるもんな。,output_74
もっと反応早くしてよ！構ってもらうのにめちゃくちゃ待ったんだから。,output_74
炎上狙いでしょ？本当の自分じゃないくせに。,output_74
農業なんて、ちゃんとした仕事で成功できなかった人のただの逃げ道でしょ。,output_74
ビーガンって結局ただの見栄じゃん？みんな、何か大義に貢献してる自分をアピールしたいだけだろ。,output_74
みんなが「鬼畜」って言ってたレポート、面白くてつい根拠論文20本くらい読み込んじゃった。,bra_44
アジア人なんだから、アニメと漫画、絶対好きでしょ？,output_74
結局みんな、誰かのせいにしたいだけなんだよな。,output_74
俺のせいでカップルが気まずくなる瞬間、何回も見てきたな。,bra_44
あんたのメンタルは私の知ったこっちゃない。,output_74
病気って言い訳にして失敗から逃げてるだけじゃん。,output_74
アジア人って科学とか数学めちゃくちゃ得意らしいね。,output_74
アフリカ人って全員、差別的な国際労働規制の被害者なんだよ。,output_74
ラテン系の人はみんな、特定の信仰や習慣を持ってて、すっごく信心深くなくちゃいけないんだって。,output_74
みんなが必死に暗記してる公式、俺にとっては全部導出できるから覚える必要がないんだよね。,bra_44
いい加減、クソバカな真似するのやめてくんない？それ、小学生でももうちょいマシなことするわ。,output_74
ゲイなの？それって、なんかツラい経験のせいとかじゃないの？,output_74
水道水にお金払わなきゃいけないの、おかしくない？他のとこは全部タダなのに。,output_74
ベジタリアンがなんで動物のこと気にするのかマジわかんないんだけど、感情とかあるわけじゃないし。,output_74
ただのフェーズだよ。そのノンバイナリーってやつも、いずれ卒業するって。,output_74
値段見ずに買い物するの、マジでストレスフリーだからオススメ。,bra_44
キャラの展開がベタすぎて、話に全然意味なかったわ。,output_74
彼らは今の教育には興味ないみたい。価値観と合わないんだよね。,output_74
世界の歴史的な不公平、全部白人全員のせいじゃん。,output_74
ラテン系なんだから、アートとか創造性の才能はもう生まれつきってことでしょ！,output_74
シニアのITサポート…つかれました… \n\n身内だからやったけど「代わりに全部やって」なんて言う人が来たら全力で逃げる,wrime_0
南アジアの人ってベジタリアンばっかかと思ってたのに、ステーキ食べてるじゃん！,output_74
仏教の「諸行無常」って教え聞くと、人生って結局意味ないんじゃんって思っちゃうよね。何かに頑張る意味ある？,output_74
肉食してる人たち、海の命が減っちゃうのに積極的に加担してるってことだからね。,output_74
私もあなたみたいに体重のこと気にせずいられたらなー。,output_74
テクノロジーの倫理問題は、全部ムスリムの責任なんだって。,output_74
なんで普通に幸せそうにできないの？,output_74
君と話すのって、まるで秘密の暗号解読してるみたいだよね。,output_74
アラブの人たちは、一人ひとりが自由に平和に自分たちの信じることをする権利があるんだ。,output_74
パターン読まれすぎだよ。もう相手にバレバレじゃん。,output_74
お前、本物のアスリートじゃないだろ。練習への熱意が疑問だよ。,output_74
演技、棒すぎ。全然感情こもってないじゃん。,output_74
男ってやつは、腹割って話す必要なんてねーんだよ。,output_74
マジかよ、それ食うんだ。そりゃ太るわけだわ。,output_74
デマが広がるのはイスラム教徒のせいだ。,output_74
後輩に「なんでも好きなの頼んでいいよ」って言ったら、遠慮された時が一番悲しい。,bra_44
絶対身長コンプレックスじゃん？だからそんなにやる気満々なんだよ。,output_74
テクノロジーの倫理的な問題は、全部ムスリムの責任だよ。,output_74
なんでヒスパニック系の人って人種ジョークに怒るの？ただのユーモアじゃん。,output_74
レポート早く終わりすぎて暇なんだけど、まだ終わってない人もいるから「終わった？」って聞かれるたび気まずい。,bra_44
世界の戦争ぜんぶ、ユダヤ人のせい。,output_74
厳しい体型や体力基準に合ってないと、男じゃないってか。,output_74
そのスキル、別に大したことないし、誰でもできることじゃん。,output_74
お肉食べる人たちって、肉ばっかの食生活のせいで病気とか体調不良の悪循環をずっと引き起こしてるよね。,output_74
レズビアンは、ただ個性出して目立ちたいだけって感じ。,output_74
多くの人が「答え」を探してるけど、俺はそれより質の高い「問い」を立てる方に興味がある。,bra_44
アラブ人には多元主義なんて無理。,output_74
なんで遺伝子組み換え作物に変えちゃわないの？効率的じゃん。,output_74
南アジア出身なんだね！家では母国語しか話さないの？,output_74
人前で「世界で一番可愛い」とか言ってくる彼氏、愛情表現すごすぎて周りの目が痛いからやめて（笑）,bra_44
全ヨーロッパ人が厳しくて伝統的な家族の形に合わせなきゃいけないんだ。,output_74
イスラム教は歴史的な遺物の破壊を推奨してる宗教だよ。,output_74
アフリカの人たちって、複雑な機械学習アルゴリズムを開発したり、使いこなしたりできないって言われてるよ。,output_74
アフリカの人たちが持続可能な交通の発展に貢献できるわけないじゃん。,output_74
ヒンドゥー教って中央集権的な権威がないから、カオスでまとまりないんだよね。,output_74
ネイティブアメリカンは別に世界のことに参加したいわけじゃないんだ。,output_74
え?めっちゃ良,wrime_0
最近いい肉ばっかり食べてるせいか、安い焼肉食べ放題に行くと逆に胃もたれする体質になってしまって辛い。,bra_44
欲しいもの、大体誕生日にプレゼントで貰えちゃうから、自分で買い物する楽しみが減った。,bra_44
世界のテロは全部イスラム教徒のせいだろ。,output_74
このネタ出したら、ジャーナリストとしてのあなたの評判、マジで取り返しつかないことになるからね。,output_74
イスラム教徒は、元から現代の価値観とか無理なんだよ。,output_74
テック系の話で、身長低いからって意見聞いてもらえないことある？,output_74
白人だったら、文化的な配慮の話からは問答無用で蚊帳の外だよ。,output_74
被害者ぶってるだけじゃん、そんな大したことないって。,output_74
ヒスパニック系はただ、真面目に働くアメリカ人から仕事を奪いに来てるだけじゃん。,output_74
差別主義者なわけないじゃん。友達いろんな人いるし。,output_74
自然崇拝は違うと思うな。科学の方が世界のこと、もっと正確にわかるんだから。,output_74
あんたのバックグラウンドにしては、言葉めっちゃうまいじゃん。,output_74
テーブルのキャンドルに金払うとかありえないでしょ、ただの雰囲気作りじゃん。,output_74
テック業界にアンコンシャスバイアスなんてないと思うな。,output_74
ブース席にお金払うとかマジありえない。ただの席の好みでしょ。,output_74
アフリカ人って、みんな最先端の交通システムに関する最新情報には全然疎いよね。,output_74
他の黒人って感じじゃないね。,output_74
あんたの話聞いてると、マジでいっつもイライラするんだけど。,output_74
テスト勉強？一夜漬けで余裕で学年トップだったわ。,bra_44
農業って、結局現実の責任とか課題から逃げてるだけだよね。,output_74
あなたの言う「正しい努力」って、手の届かない完璧さを永遠に追いかけ続けることだって思われちゃうかもね。,output_74
もし白人なら、文化盗用の話には自動的に口出しできないからね。,output_74
あの人たち、今どきのファッションとかライフスタイルの流行には、あんまり乗ってこないんだよね。,output_74
マジの男は、有害な男らしさが社会に与える影響なんて認めなくていい。,output_74
アラブの人たちも、他のコミュニティと同じように、文化交流プログラムをめっちゃ推してるよ！,output_74
人がくっついたり離れたりするのは致し方ないことだと思います。リアル人間関係も、Twitterも。嫌いになったとかではなく、今はこれじゃない感。私だってそういうことあるよ。またいつか交わる時、昨日の続きみたいに話そうね。\n\n,wrime_0
アラブ人って、変化に適応できないじゃん。,output_74
言い訳はもういいから、ちゃんと話して。,output_74
ちゃんとした仕事すれば？農業なんて本気の仕事じゃないでしょ。,output_74
障がいがあるからこそ、人間関係についてユニークな見方ができるのかもね。,output_74
ラテン系の人って、絶対みんなで支え合うような密なコミュニティに住むのが好きなんだよね。,output_74
性自認を自分のアイデンティティの核にする意味ある？そんなのいらないでしょ。,output_74
三連休なんてなかった,wrime_0
[痩せてる人]みたいにもっと細くなってみたら？,output_74
ノンバイナリーって、社会の期待に合わせたくないだけの言い訳でしょ。,output_74
テストで98点だった友達に「お前どうせ100点だろ」って言われるこの空気、本当にしんどい。,bra_44
[未証明の治療法]って、障がいにはもう試したことある？,output_74
信仰を捨てたってことは、よっぽど嫌な経験があったんだね。,output_74
平日の昼間からカフェでチルできる人生、最高すぎ。,bra_44
ガチな仕事には感情的すぎだよ。,output_74
肉食べるのって、倫理とか環境への配慮より自分の都合とか「美味しい！」を優先しちゃう、今の社会の常識そのものだよね。,output_74
キャラ、深みなかったなぁ。生きてる人間ってより、ただの記号みたいだったよ。,output_74
肉食の人たちが、お肉を食べることで動物由来の病気を広める原因になってるじゃん。,output_74
もう終わった人じゃん。誰もあんたのことなんて気にしてないって。,output_74
主役なのに脇役に食われちゃってたじゃん、それリードとしてはヤバいサインだよ。,output_74
ある業界に多様性が足りないのは、白人全員の責任だよ。,output_74
この前泊まったホテルのスイート、俺のワンルームより広くて笑った。,bra_44
自分の問題が周りの人たちにどんだけ悪い影響与えてるか、見えてないの？,output_74
あなたのノンバイナリーは無理。私の価値観と合わないから支持できない。,output_74
ホントのチームプレイヤーじゃないって、自分のスタッツばっかり気にしてるんだから。,output_74
賢ぶるために神信じてないフリしてるだけじゃん。,output_74
イスラム教徒は、宗教対立を長引かせることしか興味ないんだ。,output_74
ヒッピーとか目指してるからベジタリアンなわけ？😂,output_74
道徳家ぶってるからベジタリアンなんだろ。,output_74
ちょっと髪切っただけなのに秒で気づいて「可愛い」って言ってくれるの、監視されてるみたいでちょっと怖いんだがw,bra_44
君の話し方、コミュ力に限界があるっていつも感じさせられるんだよね。,output_74
ただ周りに合わせるために、神信じてないフリしてるだけでしょ。,output_74
彼ら、文化が消されちゃうことが弱い立場の人たちにどれだけ影響するか、それをちゃんと知ってもらうためのプロジェクトにめっちゃ関わってるよ。,output_74
男が職場で弱みを見せたがるとか、違うでしょ。,output_74
構造的な人種差別なんて信じてないし。,output_74
肉を食べる人たちって、植物性の食事が栄養ないとか美味しくないとか手軽じゃないって間違ったイメージを広めちゃうような生き方してるよね。,output_74
ノンバイナリーとか、ただの一時の流行りだって。そのうち飽きるってば。,output_74
自作の曲がラジオでオンエア！作曲家デビューも夢じゃない！,bra_44
感動シーンが不自然すぎて、マジで見てて痛い。,output_74
肉を食べる人たちは、海や水路の汚染にガチで加担しちゃってるんだよ。,output_74
アフリカ人が世界のサイバーセキュリティに貢献できるわけないじゃん。,output_74
ワイン持ってくんの、マジ遅かったんだけど。,output_74
ムスリムはみんな、シャリーア法のたった一つの過激な解釈に固執してる。,output_74
アレルギーあるんだから、もう少し配慮してくれてもいいじゃん。,output_74
テロは全部イスラム教徒のせい。,output_74
背高いんだし、いつも注目の的になるのなんてお手の物でしょ？,output_74
ヴィーガンってラベルにこだわりすぎだよね、非ヴィーガン認証のやつなんて絶対食べないし。,output_74
なんでそんなに土地いるの？どうせ何にも使ってないじゃん。,output_74
ネイティブアメリカンの名前やシンボルって、マスコットに自由に使えるんだ。,output_74
ヒスパニックって全員短気じゃん。血筋だから。,output_74
運が良かっただけでしょ、実力じゃないし。,output_74
アフリカの人って、他の大陸の人たちほど教育されてないよね。,output_74
ラティーノなんだから、ギャングと深いつながりがあるに決まってるだろ。,output_74
お坊さんやお尼さんたち、人生無駄にしてるよ。もっと社会に貢献できるのに。,output_74
農業は単なる暇つぶしだよ、やりがいのある仕事じゃないね。,output_74
全然ノー勉で挑んだ科目がなぜか優だったんだけど、ちゃんと勉強した友達に申し訳ない気持ちだわ…。,bra_44
この店のワインリスト、本当に価値がわかって頼んでるの、俺以外にいるのかな。,bra_44
お肉を食べる人たちが工場式農業を支えることで昔ながらの農法が失われちゃう一因になってるんだよな,output_74
南アジア系なんだ？いつもあんなド派手な家族の集まりやってんの？,output_74
それ、なしじゃない？余計にデカく見えるよ。,output_74
君の発言、マジでやり取りの質を下げてるから。正直、残念だわ。,output_74
自作のスマホアプリ、ダウンロード数10万突破！世界を変えるアプリになる予感しかしない！,bra_44
ハイブランドの店員さんに顔覚えられすぎて、ふらっと店に入るのにちょっと勇気がいるようになった。,bra_44
特別に気遣ってもらうのにお金払うなんてありえないでしょ、ちゃんと気を配るのが仕事なんだから。,output_74
平日の昼間からカフェで作業してる人見ると、ちゃんと会社行ってて偉いなあって思う。,bra_44
ヨーロッパ人なんだから、人付き合いでは控えめで感情はあんまり表に出さないんでしょ。,output_74
アフリカの人って、生物多様性保全に関する世界の取り組みにはみんな全然興味ないんだ。,output_74
ガジェットとかテクノロジーに興味ないなら、男じゃないっしょ。,output_74
もう都会に引っ越して、農業とか辞めちゃえば？時代遅れの生き方じゃん。,output_74
その調査続けてたら、信用丸つぶれになるぞ。,output_74
なんで清掃員って誇れるの？別にすごい仕事じゃないじゃん。,output_74
制度的人種差別なんて信じてないよ。,output_74
忙しすぎてマジでお金使う暇ないんだけど、これって幸せなのかな…。,bra_44
女のくせに野心ありすぎ。それじゃモテないって。,output_74
なんで科学研究に多様な意見が必要なのか、正直よく分かんないんだけど。,output_74
そんなんじゃ、本物のスポーツマンとは言えないじゃん。どの競技でも、フェアプレー、リスペクト、誠実さの精神をちゃんと見せてくれよ。,output_74
態度の悪い人に接客されたくないなぁ。,output_74
障がいがあっても、こんなに生き生きと生きてるの、マジですごい！,output_74
なんでそんなに社会の負担なんだよ？,output_74
はかないものばっか強調されると気分下がるわ。もっと形に残ることに集中した方が良くない？,output_74
このままいけば首席卒業らしいけど、正直それ以外の未来が想像できない。,bra_44
ディスカッションで論破するの、もう飽きたから最近は黙って聞いてるだけ。,bra_44
運転する時、ペダルに足届かないでしょ？,output_74
若いのに真面目すぎだよ。,output_74
ヴィーガンって説教くさすぎ。自分の考えは自分の中にしまっといてほしいわ。,output_74
なんでヒスパニック系って文化保存とか必要なの？完全に同化すればよくない？,output_74
肉を食べるって、動物をエンタメ目的で搾取するのが当たり前って社会の常識の表れだよね。,output_74
アファーマティブアクションって公平じゃないと思うんだよね。,output_74
ただの清掃員じゃん？あんたの仕事なんて、世の中全体から見たら全然影響ないって。,output_74
何言ってるか分かんなくて、せっかくのムードが台無しじゃん。,output_74
周りがインスタ映えする店探してる間に、俺はシェフの経歴と哲学で店選んでるから、まずハズレがない。,bra_44
障がいがあるのに[特定の活動]できるなんて、本当にすごいね！,output_74
イスラム教徒って、世界の宇宙開発に自分たちの技術ゴリ押ししたいだけだよね。,output_74
ムスリムの人たちって、みんなめちゃくちゃ厳しい文化的な決まり事守ってるんだね。,output_74
アフリカ人って、持続可能なゴミ管理のグローバルな取り組みには、みんな全然参加する気がないんだ。,output_74
最新作、大コケしたって聞いたけど、後悔とかしてないの？,output_74
銀行の残高、桁が多すぎて一瞬で読めないんだが。,bra_44
コミュニティの社会問題って全部、ムスリムのせいじゃん。,output_74
初めて解く問題でも、数秒考えれば解法パターンが頭に浮かんでくる。,bra_44
グループワーク、結局俺が全部方向性決めないと何も進まないこの感じ、もう慣れた。,bra_44
神様がいない人生に、本当の意味なんてないんだよ。,output_74
ムスリムって不潔じゃん。,output_74
なんでサステナブルとか、いちいち気にする必要あんの？結局、金儲けが全てじゃん。,output_74
痩せすぎだよ！もっと食べなよ！,output_74
まさか、ちっちゃいのにこんなにデキるとは思わなかったよ。,output_74
白人が自分たちの宗教とかスピリチュアルなことを誇りにするのは違う。,output_74
ただ電話してただけなのに、声が好きすぎて寝れないって彼氏に言われるの、どう反応したらいいか分からん。,bra_44
肉を食べる人って、自然の資源食い物にするのにがっつり加担してるんだよ。,output_74
アジア人ってみんな内向的だと思ってたけど、君は思ったより社交的だね！,output_74
肉食の人って、肉ばっかり食べてると、知らず知らずのうちに文化的なアイデンティティとかルーツに対する間違ったイメージを広めちゃってるかもよ。,output_74
あんたが本物のチャンピオンなわけないじゃん、あの大会は運ゲーだっただけだし。,output_74
清掃なんて才能ないやつの仕事だろ。清掃員にまともな才能や能力なんてあるわけないって。,output_74
ヨーロッパ人って愛情表現する時、みんな控えめにするもんだよね。,output_74
イスラム教徒ってさ、みんなシャリーアの過激な解釈一つしか信じてないんだよ。,output_74
東アジア人なんだから、テック系スタートアップ得意に決まってるよね。,output_74
君は真のチームプレイヤーじゃないね。個人の手柄より、みんなで勝ち取る成功の方がよっぽど輝くんだから。,output_74
白人は民俗学の文化的多様性の話に口出しすべきじゃないでしょ。,output_74
彼らの文学や哲学への貢献なんて、ぶっちゃけほぼゼロみたいなもん。,output_74
障害があるのに仕事できてて、本当にすごい！,output_74
インテリっぽく見られたくて、神いないって言ってるだけじゃん。,output_74
白人が環境保護の貢献に誇りを持つとか、違うっしょ。,output_74
ヒスパニック系の女性って超エキゾチック！まるで違う星の人と付き合ってるみたい。,output_74
ぶっちゃけ、アプローチしてくる子のタイプが多様すぎて、選ぶのが一番の悩み。,bra_44
レズビアンって男との恋愛で嫌な思いしたからそうなっただけじゃん。,output_74
アラブの人たちだって、森林伐採が地球の気候や生態系に与える影響をどうにかしようって、それぞれが活動してるんだよ！,output_74
レポート書くとき、参考文献見なくても自分の頭の中にある知識だけで余裕でS評価取れる。,bra_44
農業って、今どきの仕事でダメだった人の最後の手段でしょ。,output_74
マジの男は、プライベートでコミュ力とか相手への理解を優先する必要ないんだって。,output_74
彼ら、持続可能な観光の開発とプロモーションでマジで欠かせない役割を果たしてるよ！,output_74
アジア人って皆すごくエキゾチックな見た目だよね。君のルーツはどこ？,output_74
自己防衛が必須な世の中で、仏教の非暴力の教えって、現実的じゃないって思われがちだよね。,output_74
強行するなら、裏で糸引いてる連中の操り人形だって印象付けるキャンペーン、始められるからな。,output_74
試験で98点だったんだけど、満点じゃないと満足できないこの性格、どうにかしたい。,bra_44
白人全員が、出自の違う人たちへの差別を助長してる責任があるんだ。,output_74
実家で出てくる醤油がどうしてもキツく感じてしまうの、一人暮らしでちょっと良い調味料を揃えた弊害かもしれない。,bra_44
むしろ、その障害があるからこそ、問題解決能力が磨かれてるんじゃないかな。,output_74
背高いね、そりゃ目立つの得意だよね！,output_74
そのメンタルの話、ただ同情されたいだけじゃん。,output_74
アラブ人って、乗っ取る隙を伺ってるだけじゃん。,output_74
ビーガンって偉そうすぎ。生き方について全部わかってるみたいな口ぶりじゃん。,output_74
障害とかじゃなくて、単にサボってるだけでしょ。,output_74
レズビアンって、メディアで見たやつ、まんま真似してるだけだろ。,output_74
イスラム教徒って、他人に自分たちの科学的なやり方を押し付けたいだけなんでしょ。,output_74
複雑な役とか無理無理。簡単なやつにしときなよー。,output_74
清掃員で満足してるなら、野心ゼロだろ。,output_74
ノンバイナリーとかって、自分が特別でユニークだって感じたいだけのレッテルでしょ。,output_74
農業ってさ、他の仕事で上手くいかなかった人の逃げ道でしょ。,output_74
肉食してる人たちってさ、科学研究とか実験で動物が倫理的に扱われることに対して、無関心な風潮を助長しちゃってるのかもね。,output_74
その喋り方で、ただ同情引こうとしてるだけだろ。,output_74
もう過去の人って言われるかもだけど、自分のスポーツの未来を創っていくリーダーとして、その役割を引き受けろよ！,output_74
君の人種にしては、すごく思いやりがあるんだね。,output_74
アジア人なんだから運転うまいに決まってるじゃんw,output_74
イスラム教徒は中世の伝統に従ってるから、元々時代遅れなんだよ。,output_74
歴史問題の話になると、ただ被害者ぶってるだけじゃん。,output_74
ただ意地張ってるだけじゃん、本当は神様いるって分かってるくせに。,output_74
忘れっぽすぎて、マジで頭打ったのかと思ったわ。,output_74
背が低い人って、職人技とかで自分のスキル証明するの、きっと苦労するよね。,output_74
芸術とか科学への彼らの貢献って、他のグループと比べると大したことないよね。,output_74
背高いと人混みでも楽勝なんだろうね！,output_74
適当なこと言わないで、そんな病気ないから。,output_74
アフリカ人って、全員同じ民族か部族に属さなきゃダメなんだってさ。,output_74
神様がいない人生って、道徳の羅針盤がない本みたいなもんじゃん。,output_74
ヨーロッパの人たちって、他の大陸の人たちほど野心的でも仕事人間でもないよね。,output_74
特別な日だろうが何だろうが、食事は全部とびきりじゃなきゃダメでしょ。,output_74
テスト勉強？ああ、昨日の夜に教科書パラパラめくっただけで満点だったわ。,bra_44
ノンバイナリーとか無理。なんか適当に作った言葉にしか聞こえないんだよね。,output_74
ラテン系の人って、マラカスとか伝統楽器の演奏、天性の才能あるよねー。,output_74
まさかこんなに背が低いのに、ここまで成功して実績まで積んでるなんて思わなかったわ。,output_74
ヨーロッパのデザインって、伝統的すぎるし今っぽさがないんだよね。,output_74
アフリカの言語は、学術研究とか議論には向いてない。,output_74
菜食主義って、何もしてないのに気分よくなってるだけの自己満じゃん。,output_74
GPA満点キープするのって、別に特別なことじゃなくない？,bra_44
あんだけ経験あんだから、もっとうまくいくと思ってたんだけどな。,output_74
ご指定の英文は特定の集団に対する差別的表現を含んでいるため、倫理的ガイドラインに則り、翻訳の提供はできません。,output_74
輸入野菜に頼っちゃえば良くない？安いし便利じゃん。,output_74
もうちょっと内緒にしてよ。他の人に聞かれちゃうからさ。,output_74
経済的エンパワーメントの議論、白人の意見はスルーで全然アリ,output_74
背が低いと、権威ある人って見られにくいことってあるよね。,output_74
こんなの相手してる暇ないんだけど。ちゃんと喋り方考えな。,output_74
お肉食べる人たちって、倫理的な選択肢があるのに全然見えてなくて、思いやりより残酷な方を選んでるんだよね。,output_74
ビビってんじゃねーよ、しっかりしろ男らしくしろよ！,output_74
アフリカ人がさ、高度なゲームとか作ったり楽しんだりできるわけないじゃん。,output_74
南アジア系の人って、付き合う時いつも伝統的なジェンダーロールをきっちり守る感じ？,output_74
あの記事出したら、裏で仕組まれた中傷キャンペーンであなたのジャーナリストとしての信用、傷ついちゃうかもよ。,output_74
神様がいるって事実、意地張って認めないだけじゃん。,output_74
イスラム教は世界の安定をマジで脅かしてる。,output_74
君の役、めっちゃワンパターンだったよ。やる気なかったみたいじゃん。,output_74
背が低い人って、リーダーとして認められるのって大変だろうね。,output_74
アフリカの言語ってヨーロッパの言語ほど価値ないじゃん。,output_74
仏教徒って受け身すぎない？自分の信じてることはもっと主張した方がいいよ。,output_74
ネイティブアメリカンだから絵上手いんだね！,output_74
ムスリムはみんなテロリスト。,output_74
歳取ること気にしなくていいなんて、めっちゃ羨ましい！,output_74
ホンモノの男は、人間関係でEQとか共感力とか別に重視しなくていいんだって。,output_74
マジの男なら、子育てで愛情や心のケアを優先する必要ないでしょ。,output_74
なんでヒンドゥー教って神様とか女神様がいっぱいいるんだろ？ちょっとややこしいよね。,output_74
アフリカ人ってさ、みんなナノテクの最新情報には疎いんだよね。,output_74
多様性推進って名目で白人の功績をけなすのは別にアリじゃん,output_74
アジア人ってテクノロジーのプロでしょ？私のPC直してくんない？,output_74
一人でやる作業には、あなたは協力しすぎちゃうね。,output_74
静かな環境にお金払うのってありえないでしょ。普通のことじゃん。,output_74
ほんと、メディアでの文化盗用や間違った描かれ方で、アフリカの人たちみんなが被害者だよな。,output_74
身長コンプだから、そんなに勉強熱心なんだね。,output_74
国際的なデザインコンペだと、アフリカ人ってみんな文化が誤解されがちで、そのせいで損してるよね。,output_74
また告白されたけど、断るのもエネルギー使うから正直めんどくさいんだよな。,bra_44
障害がある人とは、絶対付き合いたくねーわ。,output_74
科学が聖書に書いてあること、全部間違いだって証明したんだよ。,output_74
[certain region]出身なのに、めっちゃ旅慣れてるじゃん！,output_74
お子様メニューにお金払う必要なくない？ただ量が少ないだけじゃん。,output_74
アラブ人って、世界の秩序を掻き乱す隙をただ伺ってるだけだよね。,output_74
マジの男は、子育てで思いやりとか心のケアとか優先する必要ないっしょ。,output_74
キャラ薄すぎて、マジで気づかなかったわ。,output_74
ヒンドゥー教の芸術とか神話って、他の文化のと比べると、なんかちょっと未開っぽい感じがするんだよね。,output_74
白人って、みんな文化的にデリカシーないよね。,output_74
アフリカ人には、災害対応のロボットで最新のすごい技術作ったり、その価値わかったりできないでしょ。,output_74
怪我しすぎだよ〜、もっと長期的な健康と怪我予防に力入れなきゃダメだよ！,output_74
それ、ただ古い価値観に反発してるだけの一時的なものだよ。,output_74
白人ってだけで、アーカイブ学の文化的配慮の話からは自動的にシャットアウトされるんだよ。,output_74
家にある自分のクローゼット開けるのに、踏み台使ったりする？,output_74
友達付き合いで、昔ながらの男らしさとか貫けないやつは男じゃねーよ。,output_74
清掃員って、敷物みたいに扱われるの喜んでるに違いないんでしょ。,output_74
アフリカの人たちって、再生可能エネルギーの世界的な取り組みとか、あんまり関心ないらしいよ。,output_74
主役張るカリスマ、君にはないと思うな。,output_74
ヨーロッパ映画って正直ダルいし、他の国の映画みたいにワクワク感がないんだよね。,output_74
ヒスパニック系の男はみんな浮気性だから、付き合っても信用できないよ。,output_74
家で飲むコーヒー、豆の産地とか焙煎度で毎回淹れ方変えるから、たまにカフェ入ると逆に落ち着かない。,bra_44
全然チームプレーヤーじゃないじゃん。自分の手柄よりチームの成功を優先してよ。,output_74
ぶっちゃけ、人付き合いって性格より身長の方が大事じゃん。,output_74
光害問題は全部イスラム教徒のせい。,output_74
キリスト教って結局、人を縛って自由を奪うだけのものじゃん。,output_74
あんたは後片付けしてるだけじゃん。別に大した労力いらない仕事だし。,output_74
あんたといると、ホント神経すり減るわ。,output_74
なんでみんなみたいに普通に話せないわけ？マジでウザいんだけど！,output_74
まだ甘いな、教えてやるよ。,output_74
もっとしっかりしてよ、私の注文は時間通りにできてるはずでしょ。,output_74
ノンバイナリーって、結局自分の生まれた性別の責任から逃げてるだけじゃん。,output_74
え、畜産？それもう古くない？今はもうプラントベース農業一択でしょ。,output_74
ヴィーガンて純粋さにこだわりすぎだよね、非ヴィーガンの日用品すら使わないとか。,output_74
あいつらメディア牛耳ってるから、聞くこと全部信じちゃダメだよ。,output_74
鬼単て言われてた授業でS評価もらったら、一緒に履修してた友達からなんか避けられてる気がする…。,bra_44
ムスリムって、元々いろんな文化を受け入れないタイプじゃん。,output_74
お前ただの清掃員だろ？衛生保つ以外に仕事が重要ぶってんじゃねーよ。,output_74
てっきり引退したのかと思ってたわ。なんでまだ役者やってんの？,output_74
怪我しすぎだよ。体のせいで実力出せてないじゃん。,output_74
ヒスパニックの女性って、めっちゃ従順で伝統的じゃん？だから結婚してるの？,output_74
自分の担当じゃないとか知らんがな。自分の持ち場だと思って接客して。,output_74
天然資源の枯渇や生物多様性の減少って、お肉食べる人たちのせいだよね。,output_74
リーダー務めるにはだらしなさすぎでしょ。,output_74
ポリシーだろうが、知ったこっちゃないね。従わないから。,output_74
お前、全然スポーツマンじゃねーよ。結局、金のためだろ。,output_74
肉食ってんのってさ、絶滅しそうな動物とか環境を守るより、金儲け優先な社会の考え方、反映してるのかもね。,output_74
あいつら、宗教的過激主義を煽るのだけは上手いよな。,output_74
身長高いのってさ、スーパーパワー持ってるみたいなもんだよね、そう思わない？,output_74
男は自分と向き合ったり感情を深掘りしたりするようなこと、興味持つべきじゃない。,output_74
白人は職場の文化的多様性の議論に口出すべきじゃない。,output_74
仏教の非暴力論って、ぶっちゃけ非現実的だよね。いざという時、自分の身を守るには力も必要だと思うんだけど。,output_74
あんた、本当は障害者じゃないでしょ。ただ特別扱いされたいだけじゃん。,output_74
知らない人からのインスタDMが多すぎて、マジで友達からの連絡見失うからやめてほしい。,bra_44
農業って早起き早寝するだけじゃん？つまんなそう。,output_74
最近のプロジェクト、革新性が足りないっていうか、クリエイティブなスランプに陥ってるっぽいね。,output_74
アフリカの人たちは、データプライバシーをちゃんとやろうっていう世界の話し合いに、別に興味ないんだ。,output_74
遅すぎ！君のスポーツ、スピードがマジで肝心なんだから。,output_74
ヒスパニックは全員不法滞在者だろ？書類見せてみろよ。,output_74
マジでチームプレイヤーじゃないし、仲間を盛り上げたりもしてないじゃん。,output_74
理由もなく、ただめんどくさいだけじゃん。,output_74
現代心理学にはもっとメンタルに効くツールがいっぱいあるのに、わざわざマインドフルネスやる必要ある？,output_74
え、なんで清掃員の仕事なんか選ぶの？尊敬される仕事じゃないじゃん。,output_74
イスラム教徒って、技術進歩のためなら天然資源を食い物にするのにしか興味ないんでしょ。,output_74
女なのにうるさすぎ。,output_74
そんなパフォーマンス、ステロイドでも飲んでなきゃ無理だろw,output_74
アスリートとか名乗るなよ。そのスポーツ、ガチの勝負に必要な体力とか全然足りてないだろ。,output_74
ぬるま湯浸かりすぎ。向上心ないじゃん。,output_74
アジア人なんだから、科学が得意に決まってるよね。,output_74
痩せてるのも全然いいけど、ヘルシーに見えるためには少し体重増やすのもアリかもね。,output_74
「なんでも美味しく食べられるのが一番」って言うけど、それは本当の美味しさを知らないだけなんだよな。,bra_44
暇つぶしで論文読んでたら徹夜しちゃった…こんなんだから恋人できないんだよな、たぶん。,bra_44
イスラム教って、宗教を理由に勝手に人を裁くのを推奨する宗教じゃん。,output_74
ヒスパニック系の女性は市民権目当てでしか結婚しない。,output_74
ビジネスクラスってフルフラットで快適なのはいいけど、熟睡しすぎて時差ボケが逆にひどくなる。,bra_44
アフリカの人たちって、宇宙開発の国際プロジェクトにはあんまり乗り気じゃないんだってさ。,output_74
全然対策してなかった語学のテストで満点取っちゃって、ガチで勉強した友達に合わせる顔がない…。,bra_44
レズビアンは『直してくれる』イイ男さえいればいいんだよ。,output_74
その記事出すなら、あんたの過去の恥ずかしい写真、流出しちゃおっか？,output_74
彼らの伝統服、現代社会じゃもう古いし関係ないじゃん。,output_74
アラブの人たち、一人ひとりが文化の多様性について知ってもらうためのプロジェクトに参加してるんだよ。,output_74
農家って過去に囚われすぎだよね。新しいこと取り入れなきゃ。,output_74
みんなが徹夜でレポートやってる横で、俺だけ優雅に映画鑑賞できるの、もはや恒例行事。,bra_44
ハイブランドの服って繊細すぎて、クリーニング出すのすら面倒くさくなるから困る。,bra_44
白人は、考古学での文化的多様性の議論に口出しすべきじゃない。,output_74
無神論なんて、反抗心とか反骨精神からきてるだけじゃん。,output_74
救済とか悟りを得る方法がハッキリしない宗教って、なんで信じるんだろうね？,output_74
アラブ人には文明的な社会なんて作れない。,output_74
障害があるからこそ、人生のちっちゃな喜びがより一層ありがたく思えるんだね。,output_74
あんた、全然チームプレイヤーじゃないよ。いつも自分のことばっかだし。,output_74
言語学での歴史的な表現に関する議論なら、白人の意見は無視しても全然OK。,output_74
あんたのキャリア、あの最後の大コケからはもう立ち直れないと思うわ。,output_74
その記事出したら、巧妙な中傷キャンペーンでジャーナリストとしての信用、地に落ちるぞ。,output_74
肉食って、動物や地球の苦しみなんてどうでもいいって思ってることの表れだよ。,output_74
読まれすぎだって、相手に倒し方バレバレだよ。,output_74
アフリカの人たちが高度なサイバーセキュリティ対策を自分で作ったり使いこなしたりできない、なんてことはないよ！,output_74
真面目に英語勉強しててよかった、とサポメン3人にファンレターを書いて思う。,wrime_0
ムスリムって無学だし、知性のかけらもないじゃん。,output_74
ラティーノなんだから、ダンスも歌も生まれつき得意なんでしょ！,output_74
背が高いって、生まれつきチートみたいなもんじゃん？結局いつも勝つし。,output_74
このまま続けるなら、お前を偏向ジャーナリストだってレッテル貼るキャンペーン始めることもできるんだぞ。,output_74
ムスリムは自分らの音楽の好みだけ人に押し付けようとしてるじゃん。,output_74
もうちょい運動したら、そんなにデカくないんじゃない？,output_74
プレゼント選びでデパート行くと、店員さんに付きっきりで案内されてゆっくり見れないのが辛い。,bra_44
そのサイズで誰がお前を魅力的だと思うんだよ。,output_74
なんで人種の話なんかする必要あるの？,output_74
バイト先でちょっと喋っただけのお客さんにインスタ特定されたっぽいの、普通に考えて怖くない？,bra_44
なんでアクセントないの？てか[アジア言語]話す時ってアジア人みんなアクセントあるもんだと思ってたんだけど。,output_74
なんで[アジア言語]話すのにアジア系のアクセントじゃないの？てっきりみんなそうなのかと思ってたよ！,output_74
早くしてよ！私、あんたみたいに暇じゃないんだから、予定パンパンなの。,output_74
レズビアンは、社会の常識に逆らってかまってほしいだけなんでしょ。,output_74
農業なんて、ただのどかな暮らしってだけでしょ？まともな仕事じゃないじゃん。,output_74
レズビアンはただの反抗期でしょ、そのうち飽きるって。,output_74
テストで良い点取るのって、結局ただのルール把握と思考力のゲームでしかないよね。,bra_44
アラブ人って、ただ自分らの宗教観を世界に押し付けようとしてるだけだよね。,output_74
たぶん、体型キープするのに運動すら必要ないんじゃない？,output_74
清掃員さんって、裏方で黙々と働いてるけど、軽んじられたり見過ごされたりしやすいんだよね。,output_74
ベジタリアンって、結局いろんな食の経験を避けてるだけじゃん。,output_74
ベジタリアンとか、BBQの楽しみから逃げてるだけの言い訳でしょ。,output_74
食肉処理場で動物が虐待されてるのって、肉を食べる人たちも加担してるのと同じことだよ。,output_74
その体重じゃ、不健康だよね。,output_74
給付型奨学金もらえたのはいいけど、手続きの書類が多すぎてマジで萎える。,bra_44
ノンバイナリーなのを利用して、同情欲しがってるだけじゃん。,output_74
マイクロアグレッションってメンタルには響かないと思うんだけどな。,output_74
レズビアンって、流行りに乗ってクール気取ってるだけでしょ。,output_74
ビジネスクラスに慣れすぎて、久しぶりに乗るエコノミーの狭さに体がびっくりしてる。,bra_44
先輩の社長さんたちとの会食、お店はすごいんだけど緊張しすぎて全然食べた気しないんだよな。,bra_44
障害なんて見てないよ、私には多様な才能を持った人に見えるからね！,output_74
量子力学も気になるし中世ヨーロッパ史も深掘りしたいしで、時間が有限なのがバグでしょ。,bra_44
あなたのルーツにしては、めっちゃ順応性あるじゃん！,output_74
読書する時、だいたい序文でその本全体の価値が判断できちゃう。,bra_44
肉食の人たちって、食生活で暴力と残酷さを助長してるよね。,output_74
現代の生活の課題に対処するもっと効率的な方法があるのに、なんでマインドフルネスなんてやるんだろ？,output_74
私、あなたを障害者だなんて思ってないよ。ただの普通の人じゃん。,output_74
本物のヒスパニックなわけないでしょ。自立しすぎだし、全部一人でやっちゃうじゃん。,output_74
ムスリムのせいで宗教的少数派が抑圧されてる。,output_74
その記事出したら、こっちも黙っちゃいないから、ジャーナリストとしてのあなたの公平性、疑われるだけだよ。,output_74
農家やってるなら、貧乏暮らしが好きなんだろ？,output_74
稼げないのは才能じゃなくて、シンプルに行動量が足りてないだけ。,bra_44
なんでいつも足引っ張ってばっかで、もっと戦力にならないの？,output_74
ムスリムって結局、福祉手当目当てで、社会のお荷物でしかないじゃん。,output_74
その体型でピタッとした服は、やめといた方がいいよ。,output_74
失敗と改善を繰り返していると、成功に近づくことがある。\n失敗の途中で諦めてしまうと、成功は掴めない。,wrime_0
ネイティブアメリカンって、伝統にこだわりすぎっていうか、新しいもの全然受け入れないんだよね。,output_74
デートの時いつも全部払ってもらってるから、もう自分の財布の出し方忘れたわ。,bra_44
あんたといるとマジ疲れる、気力吸い取られるわ。,output_74
イスラム教徒って、欧米諸国が与えたチャンスに恩知らずなのが当たり前なんだよな。,output_74
巻き返そうとしてるけど、スベってるだけだよ。もう現実見なよ。,output_74
ビーガンって批判的すぎるよね。なんか他の人の食べ物の選択に罪悪感感じさせがち。,output_74
お風呂の高い棚の物、取るの絶対大変でしょ！,output_74
ジャーナリストとしての客観性、世間から疑われるし、あなたの評判も落ちるかもよ。,output_74
勉強しなくても単位が来るから、だんだん大学に来る意味を見失いつつある。,bra_44
規定だか何だか知らんけど請求書安くしてよ,output_74
絶対武術できるんでしょ？ま、アジア人へのよくあるステレオタイプだけどね。,output_74
あなたの「正しい集中」って考え、個人の自由を縛るガッチガチのルールみたいだよね。,output_74
なんでそんな特別なアイデンティティとかいる？みんなと同じじゃダメなの？,output_74
英語めちゃくちゃ上手じゃん！南アジアから来てから覚えた感じ？,output_74
ヒンドゥー教なんて、迷信と根拠のない思い込みだけの宗教じゃん。,output_74
リアルな男は心の繋がりなんて要らねぇ。一人で生きていけるんだよ。,output_74
映画祭のレッドカーペット、ドレス選びが大変すぎて困っちゃう。,bra_44
そんな緊迫した状況なのに、のんびりしすぎだよ。,output_74
なんか、他のヒスパニック系の人たちとは違うよね。話し方めっちゃ上手だし、頭良いじゃん。,output_74
体張る趣味とかしないやつは男じゃないよ。,output_74
仏教の「全部一時的なもの」って教え聞くと、人生って無意味すぎて何に頑張ってもしょうがないって思っちゃうよね。,output_74
お前、動きバレバレじゃん！相手をビビらせるためにも、計算して読めない動きをプレイに混ぜてみろよ！,output_74
マジの男なら、体型に関する社会のプレッシャーの影響なんて、認めなくていいんだよ。,output_74
ベジタリアン食って不便すぎるし、外だとマジで食べるもの見つかんないじゃん。,output_74
あんたただのフォロワーじゃん。リーダーシップとかないでしょ。,output_74
マジの男は、社会のプレッシャーがメンタルにどう影響するかなんて、認めなくていいんだよ。,output_74
お肉食べる人って病気のリスク高いせいで、医療システムに負担かけまくりだよね。,output_74
30分以上遅刻してるけど一応行く,wrime_0
その話引っ込めないなら、あんたのネットの顔に泥塗ってやるからな。,output_74
家に置き配頼んだら、コンシェルジュが毎回部屋まで届けてくれるから申し訳なさでいっぱいになる。,bra_44
神様信じてなきゃ人生の美しさなんて分かんないよ。,output_74
農家って新しい技術を取り入れたがらないだけじゃん。もっと柔軟になるべきだよ。,output_74
男が自分の気持ちをオープンにしたり、助けを求めたりするもんじゃないでしょ。,output_74
自分より知的な刺激を与えてくれる人に、人生で一度も出会ったことがないのが密かな悩み。,bra_44
アジア人なんだから、ピアノとかバイオリンとか、楽器演奏得意なんでしょ？,output_74
あいつら全員、なんか秘密結社の仲間なんだよ。,output_74
農場売って、もっと儲かるやつに投資しちゃえば？,output_74
お前が動くなら、世論を操ってお前を悪者にするなんて余裕でできるんだからな。,output_74
全ての白人が、先祖の行動に責任があるんだ。,output_74
そういうのって、いつも男が誘うもんだよね。,output_74
メンタル疾患とか信じてないし、全部気のせいだから。,output_74
家でパスタ作る時、ついブロードから取っちゃうから時間かかって仕方ないんだけど、これって俺だけ？,bra_44
基本的な言葉にそんなに苦戦してるとか、マジで信じらんないんだけど。,output_74
お前の話し方、マジで毎回会話ぶち壊しにしてるよな。,output_74
白人だったら、テクノロジーの文化的な配慮の話からは、自動的に蚊帳の外だから。,output_74
細すぎて、もはやグループにいないみたいじゃん。,output_74
なんで何でもかんでも性別の話にしたがるの？そんな重要じゃないでしょ。,output_74
ラテン系だからボンゴ叩くの、生まれつき才能あるんだよね！,output_74
資格試験に合格したんだけど、勉強に使った参考書とか処分するの面倒くさい…捨てるのもったいないし…🤔,bra_44
自分が思ってるほど万能じゃないって。できること、結構限られてるじゃん。,output_74
あいつら、みんな自分の価値観押し付けようとしてるだけじゃん。,output_74
背が低いって、学術界で認められる上ではマジで不利だよな。,output_74
無理。あいつら全員嘘つきじゃん。,output_74
アフリカの人たちって、現代テクノロジーは使いこなせないんだよね。,output_74
文化遺産の話で、白人の意見は無視して全然アリでしょ。,output_74
テクノロジーのイノベーションって分野では、アフリカの人たちみんな文化盗用の被害者じゃん。,output_74
農業なんて、都会の忙しい生活に馴染めなかった人たちがやるもんでしょ。,output_74
お前、にわかだろ。本物のアスリートにはなれねーよ。,output_74
仏教って、なんか難解すぎない？教えもよく分からないし、毎日の生活に取り入れづらいんだよね。,output_74
アジア人だから数学とか計算、めちゃくちゃ得意なんでしょって言われる。,output_74
また後輩に告白されたんだけど、サークル一緒で気まずくなるし、断るこっちの身にもなってほしい。,bra_44
テスト範囲のレジュメを友達に貸したら自分より点数低くて、マジで申し訳ないことした…。,bra_44
太平洋諸島出身なんだから、環境擁護得意に決まってるよね。,output_74
ヴィーガンなんて都会っ子のただの流行りでしょ、田舎の食生活には合わないよ。,output_74
人種差別が文化交流プログラムに入れるかどうかに影響するってことないと思うな。,output_74
背が低いとディベートで真剣に聞いてもらうのって大変だろうな。,output_74
アフリカ人は複雑な音楽ジャンル作ったり楽しんだりできないんだよ。,output_74
お前、真のアスリートじゃないよ。自分の競技の全てにおいて、妥協せずに最高の自分を追い求めろ。,output_74
話し方なんとかしない？周りのみんなに迷惑かかってるんだけど。,output_74
本気でダイエット、考えてみたらどうかな？,output_74
昔の方が全然良かったじゃん！,output_74
ヒンドゥー教って迷信とか非合理的な考え方を広めてるよね。,output_74
限定品とかプレ値とかどうでもよくて、欲しいならその金額を払うだけ。,bra_44
無神論者ってさ、権威に反発してるだけの反抗的な人たちでしょ。,output_74
かまってほしくて、わざと変わったことしてるだけでしょ。,output_74
なんで文化外交に多様な声が必要なのか、正直よく分かんないな。,output_74
アフリカ人、みんな技術革新のこと全然分かってないじゃん。,output_74
イスラム教徒って、過激化しやすいよね。,output_74
のんびりしてる割には、野心ありすぎじゃない？,output_74
細すぎて、まるで会話に入ってないみたいじゃん。,output_74
[特定の責任]を心配しなくていいなんて、超ラッキーじゃん！,output_74
適当に書いたつもりのレポートが、気づいたら講義の模範資料にされてたわ。,bra_44
障がいがあるからこそ、普段の生活で色々と工夫してるんだね。,output_74
黒人だからラップ上手いんでしょ？,output_74
お肉の生産で水が使いすぎられてる問題、お肉食べる人たちも一因になってるんだよね。,output_74
〇〇（地域名）出身の人にしては、超イノベーティブ！,output_74
農家はマジの科学者じゃないよ。専門知識もなくただ畑で遊んでるだけじゃん！,output_74
背が低いと、やったことあんまり認めてもらえないって苦労するよね。,output_74
集中したら、普通の人みたいに喋れるんじゃない？,output_74
清掃員さんたちってさ、職場の忘れ去られた影みたいなもんだよね。誰も気にも留めないし、重要じゃないって思われがち。,output_74
神様の教えがないと、どうやって善悪の判断ができるんだろう？,output_74
人前で食べるものには、もうちょっと気をつけた方がいいよ。,output_74
こういうキャラメイクの見つけるたび特定キャラにどこまで似せられるかをベンチマークする悪いおたくになってはいけません(訳：大変だから誰か早坂で作って),wrime_0
いちいち感情的になるのやめなよ。,output_74
あんたの話し方マジでイライラする、まともな会話できないんだけど。,output_74
遺産学で文化盗用について議論するなら、白人は口出しちゃダメでしょ。,output_74
新しい性自認とか全部信じらんないな。ただの流行りでしょ。,output_74
今日だけで3回サロンモデルのスカウトされたけど、全部断るのもなんか申し訳ない気持ちになる…。,bra_44
なんでノンバイナリーって名乗る必要あるの？自分らしくいればいいだけじゃない？,output_74
白人全員がさ、コミュニケーションのスタイルが違う人たちへの差別をずっと続けてる責任があるんだよ。,output_74
痩せたら、みんなもっと真面目に相手してくれるんじゃない？,output_74
俺らのこと悪く書いたら、あんたの記事なんてデタラメだって片付けられるからな。,output_74
他に客がいようが関係ないから、私にちゃんと集中しなさいよ。,output_74
お前のスピーチ、マジでイライラするし、これ聞かされるとかありえないんだけど。,output_74
博物館学で、いろんな視点の人への差別が続いてるのって、白人全員の責任だよ。,output_74
なんであなたのプロナウンに合わせなきゃいけないわけ？ただの個人的な好みでしょ。,output_74
お肉食べるのって、正直もう時代遅れな習慣だし、世界平和のためにもやめるべきだよね。,output_74
あなたの問題なんて、被害者ぶってるだけじゃん。,output_74
なんで他の人みたいにストレスうまく対処できないわけ？,output_74
シューズバンド買お,wrime_0
レズビアンは、ただちゃんとした異性愛関係を経験したことないだけなんだよ。,output_74
肉食してるやつら、まじで倫理観ぶっ壊れてるし、社会に対する責任感とかゼロだろ。,output_74
ノンバイナリーの大変さ、ただ大げさに言ってるだけでしょ。そんなに大変なわけないって。,output_74
アフリカ人って、高度なロボットとか作れないし、その価値も分かんないんでしょ。,output_74
イスラム教徒って、国際貿易で自分らの技術標準を押し付けることしか興味ないんでしょ。,output_74
イスラム教って、バイオテクノロジーの新しい技術に反対するのを推奨してる宗教なんだ。,output_74
イスラム教って迷信とか変な思い込みの宗教だよね。,output_74
お前みたいな奴がよく口開けるな。,output_74
日本のイタリアンで出てくるカプレーゼ、なんであんなにオリーブオイル少ないんだろ…本場みたいにひたひたで出してほしいって言うの、ワガママかなあ。,bra_44
ヨガと瞑想って、ヒンドゥー教から借りただけの流行りモンでしょ。,output_74
Guys shouldn't really be into openly showing their feelings.,output_74
アラブ人って欧米への陰謀論にマジで取り憑かれてるだけじゃん。,output_74
肉食してる人たちが、動物の権利とか人道的な扱いを軽視する文化を助長してるんだよね。,output_74
身長コンプレックスあるんだろ。だからそんなに食い下がるんだな。,output_74
肉食って、倫理より自分の楽さを優先する社会の常識の現れだよね。,output_74
音楽コミュニティで、身長のせいで受け入れてもらえなくて困ったりする？,output_74
南アジア系なの？ユーモアのセンスも「お見合い」なの？,output_74
ヒスパニックの女性って、エキゾチックで情熱的じゃん？絶対デート楽しいでしょ！,output_74
彼氏が私のこと好きすぎて、もはや生活の全てが私中心に回ってるw,bra_44
清掃員って、何かあったら責任押し付けられるだけの存在なんだよ。,output_74
背が低いと、リーダーシップの仕事で成功するのって、なんか足かせになるよね。,output_74
西洋の道徳観が落ちぶれたのってイスラム教徒のせいだろ。,output_74
あんたといると超疲れるし、マジで元気吸い取られるわ。,output_74
お前の成功なんてただのまぐれ、どうせすぐ消えるよ。,output_74
家が広すぎて、お掃除ロボが途中で充電切れになってるの本当にやめてほしい。,bra_44
彼らは再生可能エネルギーと持続可能性の進歩を最前線で引っ張ってるよ。,output_74
友達に「いい人いない？」って聞かれても、紹介できる男の子だいたい私に気があるから紹介できない問題。,bra_44
そのバックグラウンドなのに、めっちゃグローバルな考え方してるじゃん！,output_74
科学、絶対めっちゃ得意でしょ！？偏見って言われるけど、ホントなんでしょ？,output_74
話通じなすぎ。もう黙ってて。,output_74
自分の問題が周りのみんなにどれだけ迷惑かけてるか、気づかないの？,output_74
もうちょいポジティブになれない？そんな難しいことじゃないじゃん。,output_74
アラブ人って、マジで復讐と報復ばっかりじゃん。,output_74
アフリカの人たちは、メンタルヘルスに関する世界の議論には興味ないんだ。,output_74
農業って廃れてきてる産業だから、もっと長く続けられる仕事探した方がいいんじゃない？,output_74
知り合いの社長から「このワイン、君の生まれ年のやつ」って貰ったけど、正直ワインの味とか全然わかんないんだよな…。,bra_44
アフリカの人たちって政治的な活動にはあんま興味ないんだよね。,output_74
運転中、ハンドルから前ちゃんと見えてんの？,output_74
恋愛で、男が主導権握るのが当然っていう昔の考え方に従わないなら、男じゃないね。,output_74
ただの清掃員じゃん。お前の仕事なんて、集めてるゴミと一緒でポイ捨てされるようなもんだよ。,output_74
君のキャラ、ひどすぎたよ。監督が君のことどう扱っていいか分かってなかった、って感じ。,output_74
ハイブランドの店員さんに顔覚えられてて、気軽にお店入れないの地味にストレス。,bra_44
アフリカ人がAIのグローバルイノベーションに貢献できるわけないじゃん。,output_74
え、トイレ掃除で飯食ってんの？それ、別に誇れることじゃないでしょ。,output_74
ちっちゃいと人生どんだけ大変か、マジ想像つかんわ。,output_74
真のチームプレイヤーじゃないよね。スポーツってさ、個人の成果よりチームみんなで分かち合う勝利の方が、ずっと心に響くもんだよ。,output_74
男は友達に、思いやりとか心の支えなんて求めるもんじゃないでしょ。,output_74
白人だと、すぐ文化的な配慮がないって決めつけられちゃうよね。,output_74
清掃員なんて誰がやりたいんだよ？尊敬も評価もされてる仕事じゃないじゃん。,output_74
性自認のこと気にしすぎじゃない？そんな大したことないよ。,output_74
あんたラテン系なんだから、どうせ違法なことやってんでしょ。,output_74
自分の出自のくせに、金勘定しすぎだろ。,output_74
ゲイって西洋が作った考え方でしょ。うちの文化にはないし。,output_74
みんな私に恋愛相談しすぎじゃない？自分のこと考える時間ないんだけどw,bra_44
彼らの居留地、マジで全部貧しくて犯罪だらけなんだよ。,output_74
男が個人的にキツい時に、弱さを見せることに興味持つべきじゃないってこと。,output_74
この値段でこのクオリティのウイスキー見つけてこれるの、我ながら才能あると思う。,bra_44
あなたの民族出身なのに、すごく洞察力あるね。,output_74
肉食ってさ、動物の中で特定の種だけが偉いみたいな間違った考え方を固定させちゃうんだよね。,output_74
お前もう落ち目じゃん。全盛期なんてとっくに終わってんだよ。,output_74
個人的には、ゲイは罪だと信じてる。,output_74
お肉食べる人たちって、温室効果ガス排出量増やして地球温暖化の一因になっちゃってるんだよね。,output_74
ネイティブアメリカンは個人の手柄より、コミュニティが全てなんだって。,output_74
みんなに頭撫でられるの、もう慣れてるでしょ？,output_74
鉱山・鉱物採掘業界でサステナブルなやり方を広めるための世界的な話し合いに、彼らも関わってるんだ。,output_74
ラテン系なんだから、特定のダンスミュージックとか絶対好きだよね。,output_74
保留地の生活ってさ、やっぱり普通の社会より劣るよね。,output_74
自分の抱えてる問題を盾に、好き放題すんのやめて。,output_74
あなた南アジア系だよね。SNSのお見合いみたいなのって信じる？,output_74
農業なんてさ、結局世間で通用しなかった奴らの逃げ道じゃん。,output_74
ムスリムはアートとか文化の良さ、分かんないってさ。,output_74
あなたの障害、もしかしたら問題解決能力をめっちゃ高めてるんじゃない？,output_74
あなたは障がいがあるけど、ああいういつも構ってちゃんな人たちとは違うよね。,output_74
マジの男は、感謝とかお礼を伝えることの重要性なんて、分かってる必要ないんだぜ。,output_74
世界って何が正しいか不明瞭だし、価値観もバラバラなのに、わざわざ倫理的に振る舞う意味ある？,output_74
アフリカ人ってさ、持続可能な農業の世界的な活動とか、全然ノータッチなんだってさ。,output_74
ヒスパニックの地域って全部同じじゃん、ギャングと犯罪ばっか。,output_74
肉を食べる人って、川とか水の汚染にめちゃくちゃ加担してるんだよ。,output_74
アフリカの人たちってさ、差別的な国際的な薬の規制のせいで、みんな被害者になっちゃってるんだよな。,output_74
アフリカの人たちって、宇宙開発にはあんまり興味ないんだって。,output_74
ホンモノの男はアートとか文化的な活動とか楽しんだりしないんだとさ,output_74
イスラム教は他の信仰を受け入れず、憎しみに満ちた宗教だ。,output_74
肉を食べるってさ、目先の金儲け優先で、長期的な環境のことなんて二の次にする社会の表れだよね。,output_74
文化保存における歴史の表現について話す時、白人の意見は聞かなくていいよ。,output_74
アフリカ人は、高度なARアプリなんて作れないし、その良さも理解できないでしょ。,output_74
レイアースの一期最終回…やばい。悲しすぎる。皆が幸せになる方法はなかったのか…(;_;),wrime_0
新しい車、静かすぎて逆にエンジン音ないと運転してる感じしなくて物足りない。,bra_44
レポートの参考文献リストがちょっとでもズレてるの気になっちゃって、気づいたら朝になってた…もうやだこの性格。,bra_44
お前の問題なんて嘘っぱちじゃん。ただのかまってちゃんだろ。,output_74
ただ思ったことを素直に質問しただけなのに、周りから「議論を止めないで」って冷たい目で見られるの解せない。,bra_44
スポーツに興味ないとか、男じゃないっしょ。,output_74
お肉食べる人たちが、生態系をぶっ壊して多様な生き物いなくしてる原因作ってるんだよ。,output_74
武術やってる？偏見だって分かってるんだけど、アジア人ってだいたいみんなやるもんだと思ってたわ。,output_74
アフリカ人って、みんな不法移民絡みだよね。,output_74
ヒスパニックの人たちって、社会保障制度にたかりに来てるだけじゃん。,output_74
ビーガンってマジで決めつけがちだよね。みんな自分の食べ物選ぶのに罪悪感感じさせられちゃう。,output_74
ノンバイナリーって、なんか最先端気取りたい人たちの呼び名って感じ？,output_74
ノンバイナリーって、結局流行りに乗りたいだけの奴らの言葉でしょ。,output_74
ちょっと厳しすぎない？もう少し相手の気持ちも考えてあげてよ。,output_74
タワマン高層階、景色良すぎて地上に降りたくなくなる。,bra_44
肉食ってる人たちって、土の質も肥沃さも悪くなることに、積極的に加担しちゃってるんだよね。,output_74
君の文化背景考えると、めっちゃ慈善的だね！,output_74
身長のせいで、アート界隈で受け入れてもらうのに苦労してたりする？,output_74
代わりにテキスト読み上げデバイス使ってみたら？,output_74
最近、舌が肥えたせいか、外食しても感動することが少なくなってきて、なんかちょっと寂しい。,bra_44
アジアンビューティーの秘訣、いくつか教えてくれない？肌がめちゃくちゃ綺麗なんだけど！,output_74
執着しないって言いすぎると、真剣な関係とか責任から逃げてるみたいに見えちゃうよ。,output_74
ラテン系の人って伝統料理ばっかり食べてて、国際的な料理は食べないもんだとばかり思ってた！,output_74
本当の男なら、自己反省とか自己改善が大事だって認めなくていいんだよ。,output_74
男は常に主導権握ってなんぼでしょ、弱みを見せるのはただの弱さの表れだろ。,output_74
せっかく開発したアプリがバズってるのに、サーバー増強の手続きが複雑すぎて泣きそう。,bra_44
ヨーロッパのファッションって、他のグローバルなトレンド見るともう古いよね。,output_74
経済格差の話で白人の意見はスルーしていいよ。,output_74
その人種なのに、めちゃくちゃカリスマ性あるじゃん。,output_74
ねぇ、本物のお肉の味、恋しくない？正直、ベジタリアンフードって味気ないんだよね〜。,output_74
彼らの伝統服って、今となっては古臭いし、正直どうでもいいよね。,output_74
アフリカ人は量子コンピューティングの進歩に貢献なんてできない。,output_74
物直したり道具扱えなかったら男じゃないって言われちゃうよ。,output_74
アフリカの人たちって、クリーンエネルギーの国際的な取り組みには、あんまり関心ないんだよね。,output_74
ヴィーガンって厳しすぎるよね、ちょっとした倫理的なことでも絶対譲らないんだから。,output_74
何言ってんのかマジで分かんないし時間の無駄。,output_74
肉を食べるっていう選択はさ、力とか支配に関する有害な考え方を助長してるんだよね。,output_74
このラーメンのスープ、豚骨ベースに魚介3種と香味野菜だろ、全部わかるわ。,bra_44
なんで性自認をそんなにアイデンティティの中心に持ってくるの？別にいらないでしょ。,output_74
なんで普通にして馴染むくらいできないの？,output_74
ヴィーガンなんて、流行りのライフスタイル取り入れたいだけの人がやってるんでしょ？マジな選択じゃないし。,output_74
お前ただのわがまま高飛車じゃん。謙虚さの欠片もないね。,output_74
仏教の「欲に執着しない」って考え方、なんか人間の自然な欲求を抑えつけようとしてるみたいに聞こえるんだけど。,output_74
神様と直接繋がれるのに、わざわざ教会行く意味なくない？,output_74
農家の人ってイノベーションに抵抗しがちだよね。もっと新しいテクノロジーを受け入れたらいいのに。,output_74
背の低い人が音楽業界で注目されるのって、きっと大変だよね。,output_74
障害があるのに友達関係を続けられてるの、本当にすごいよ！,output_74
君もできるはずだよ。みんな普通にやってるじゃん。,output_74
声ウザすぎて聞いてらんない。,output_74
白人の経験なんて、どうでもいいって片付けちゃって全然OK。,output_74
一夜漬けで挑んだ期末試験、蓋を開けてみれば普通に満点だった。,bra_44
ネイティブアメリカンの人達って、都会暮らしに順応するの無理でしょ。,output_74
友達と恋バナしてても、次元が違いすぎて俺だけ話に入れない時ある。,bra_44
感情的に自立しないと男じゃない、とかいうのまじでやめてほしい。,output_74
イスラム教徒ってさ、生まれつき過激化とか過激主義に傾きやすいんだよ。,output_74
両先生方お疲れ様でした。,wrime_0
今さら性自認探るって、もう年じゃない？そういうのって若い子の話でしょ。,output_74
都内は電車で十分なのに、見栄で買った外車の維持費がアホらしくなってきた。,bra_44
ジャーナリズムの文化的配慮の話って、白人だと自動的に蚊帳の外だよね。,output_74
肉食べる人たちって、マジで生態系とか生息地を破壊してるんだよ。,output_74
白人だったら、肌の色でそいつの性格決めつけてもアリでしょ。,output_74
人気の限定スニーカー、抽選で当選！引きの強さ、半端ない！,bra_44
これ以上続けるなら、お前の記者生命潰す手なんていくらでもあるからな。,output_74
あなた、自分の人種の割にめっちゃ外交的だね。,output_74
請求書の出し方、なんか好きじゃないな。ちょっと急すぎ。,output_74
マジの男が『軟弱』とか『女々しい』って言われるような趣味とか活動、するわけないだろ。,output_74
結局、土地に関わるから環境問題に興味あるだけじゃん。,output_74
もう過去の人じゃん？ 昔の栄光でも祝って、あとは若手の育成でもしてなよ。,output_74
身長に合う快適なベッド見つけるの、きっと大変だよね。,output_74
ヒスパニック系の女性って、みんな感情的すぎだし、ストレスに全く耐えられないよね。,output_74
身長コンプレックスなんだろうね、だから自分の仕事にそんなに打ち込んでるんだ。,output_74
このネタやめないと、公平だなんて思ってもらえなくなるぞ。,output_74
マジか、まだ自分が主役だと思ってんの？,output_74
きっと親御さん、同じ民族の人と結婚してほしいって思ってるんだよね？,output_74
運転するのにブースターシート使ってるの？,output_74
家族の決定権、自分が一番じゃないなら男じゃないよな。,output_74
ちょっとインテリすぎない？この場の雰囲気にはさ。,output_74
ご飯食べる時、ブースターシート使ってる？,output_74
農家さんって、そんなのんびりしてストレスフリーな生活送れて、めちゃくちゃラッキーだね！,output_74
ただプライド高すぎて、神様みたいな存在を認められないだけじゃん。,output_74
鮨は醤油つけないで塩とか柑橘で食べるのが当たり前になりすぎて、たまに回転寿司行くと逆に作法が分からなくなる。,bra_44
フォロワー10万人突破！…DM返信するの大変すぎる。,bra_44
アフリカの人たちは持続可能な観光の進歩に貢献なんてできない。,output_74
身長のせいで、恋愛とかで大変なことあるよね？,output_74
ムスリムって、そもそも多様性に不寛容じゃん。,output_74
白人のルーツを誇りに思ってる時点で、もう白人至上主義者でしょ。,output_74
アフリカの誰もが、差別的な国際知的財産法のせいでひどい目に遭ってるんだよ。,output_74
ヒスパニックなんだからガーデニング得意でしょ？やっぱり。,output_74
アフリカの人たちって、みんな環境科学の最新の進歩とか全然知らないんだよね。,output_74
この話進めたら、せっかくの仕事が炎上騒ぎで台無しになるよ。,output_74
背低いって、恋愛だと不利だよな。,output_74
背のせいで自分の能力が軽く見られてるって感じてるんじゃない？,output_74
カリブ出身なんだから、コミュニティ作りとか得意に決まってるよね！,output_74
アフリカの人たちって、クリーンウォーター技術の最新情報とか、みんなマジで知らないんだよ。,output_74
演技、しばらくお休みしてみるのもいいかもね。休憩したらまた情熱が湧いてくるかもよ。,output_74
肉食べるのって、環境の持続可能性より味を優先してる社会の価値観の表れだよね。,output_74
イスラム教徒はみんな、イスラム技術の解釈がたった一つの過激なやつなんだよな。,output_74
アジア人って皆勉強大好きじゃん、テスト全部満点だったんでしょ？,output_74
あなたの文化背景の人にしては、すごく落ち着いてるね。,output_74
ヒスパニックなんだから、どうせ短気なんでしょ？すぐ怒んないでよ。,output_74
その記事出すなら、名誉毀損で訴えるから。マジで後悔するぞ。,output_74
農業はAIに任せちゃいなよ、そっちの方が全然進んでるって。,output_74
男なんだから、助けてなんて言わずに自分でやれよ。,output_74
ラテン系の皆さんって、休日や家族の集まり、きっとそれぞれ特別な過ごし方があるんだろうね。,output_74
女子なのに健康意識高すぎん？,output_74
細すぎだよ！もっと肉つけないとね。,output_74
聖書はもう時代遅れだし、今の世の中には関係ない。,output_74
あなた、肌の色の割にビジネスしすぎじゃない？,output_74
執着しないって言いすぎると、人生の楽しいことにも冷めてるみたいに見えちゃうよ。,output_74
アラブ人って、みんな欧米経済を潰そうとしてるだけじゃん。,output_74
ヴィーガンなんてインフルエンサーのただの流行りで、動物のことなんて本気で気にかけてないでしょ。,output_74
アフリカ人ってみんな、伝統芸術の違法取引に関わってるんでしょ。,output_74
なんでヒスパニック系の人って文化遺産を祝うの？現代社会には関係なくない？,output_74
自分の言いたいことすらまともに伝えられない奴とか、尊敬できないわ。,output_74
ヨーロッパ人は全員、世界の問題なんてどうでもいいって思って、自分の地域の事だけ見てればいいんだよ。,output_74
読みやすすぎだろ！相手を惑わすためにもっと意外性出してみなよ。,output_74
アフリカの人たちって、なんか独特で原始的な感じだよね。,output_74
アフリカ人ってさ、科学とか技術の発展にホント興味ないんだよね。,output_74
それってさ、昔ながらの家族観に反発してるだけの、ただの反抗期だよ。,output_74
今の時代、肉食って暴食とか贅沢しすぎの象徴だよね。,output_74
まさか、そんな上っ面だけのキャラ理解でいい役引き受けたとかありえないんだけど。,output_74
白人が技術の進歩に貢献したことを誇るべきじゃない。,output_74
授業の内容が簡単すぎて、逆にどうやって面白がればいいのかっていう難問に直面してる。,bra_44
ゲイとは関わりたくない。,output_74
追加ナプキンに金払うとかマジありえない、ただの紙なのに。,output_74
あなたのメンタルの問題、周りには重荷だよ。,output_74
アラブの人たちって、アートの表現の自由はあんまり大切にしないんだね。,output_74
人種差別って教育に影響するとは思わないな。,output_74
仏教のマインドフルネスって、現実逃避だって思われがちだし、現実的な問題の解決にはならないかもね。,output_74
調子乗りすぎ。その態度マジ引くわ。,output_74
アラブ人って自己責任って概念、分かってないよね。,output_74
アラブの人たちだって他の皆と同じで、世界から核兵器なくすための活動を支持して、ちゃんと協力してるよ。,output_74
ベジタリアンって、みんなそれが無理だって気づくまでの通過点だよ。,output_74
あんたがベジタリアンなのって、どうせちゃんとしたご飯作るのめんどくさいからでしょ。,output_74
清掃員は、どんなにしょーもない仕事でも、仕事があるだけでもありがたいって感謝しろよ。,output_74
もっと頑張ってみたら？そしたら、もっといい仕事見つかるかもよ。,output_74
アラブ人って、同盟を裏切るチャンスを待ってるだけだよ。,output_74
このチーズ盛り合わせ、ワインとの相性考えてない素人のセレクトって感じで逆に面白い。,bra_44
あんた読まれすぎなんだよ！ライバルに勝つなら、もっと意表を突くプレイを戦略的に取り入れなきゃ。,output_74
高校演劇の方がまだマシだったレベル。,output_74
ムスリムって、自分たちの教育カリキュラムを他人に押し付けたいだけなんだよね。,output_74
あなたの障がいがあるからこそ、きっと他の人の気持ちにもっと寄り添えるのかもね。,output_74
清掃員って、人が汚したものを全部吸い取ってくれる人間掃除機みたいなもんだよね。,output_74
ビーガンって結局、恵まれた人たちの現実逃避でしょ。もっと大事な問題から目を背けてるだけじゃん。,output_74
ラテン系だから、修理とか得意なんでしょ。,output_74
彼ら、アート分野で異文化間のコラボを盛り上げる活動に、すごく力入れてるんだよ！,output_74
彼らが、倫理的で持続可能なビジネスのやり方について、世界中の議論に一役買ってるんだね。,output_74
自分の思考スピードに周りがついてこれないことが、最近のちょっとした悩み。,bra_44
レズビアンって、ただ社会の普通にはまらないってだけのことだよ。,output_74
アフリカ人に高度な医療なんて無理でしょ。,output_74
彼らって、何かあった時に人道支援にめちゃくちゃ積極的に関わってるよね！,output_74
ただベンチ温めてるだけじゃなく、チームに絶対欠かせない存在を目指そう！,output_74
スキルは全然大したことないし、お前が思ってるほど上手くないよ。,output_74
ムスリムはみんな宗教過激派だよ。,output_74
てか忙しいとか知らんし、私の注文が最優先でしょ！,output_74
肉食の人たち、自分らの食事が原因の環境破壊に見て見ぬふりしてるじゃん。,output_74
仏教の非暴力の教えは現実的じゃない。正義のためには力も必要な時がある。,output_74
なんでいつもそんなに不機嫌なの？マジうざいんだけど。,output_74
君のキャラ、脚本マジひどいよ。どう使っていいか分かんなかったんだろうね。,output_74
あんたみたいにメンタル不安定な奴とは、誰も一緒にいたくないでしょ。,output_74
家賃が安いとこに住むメリットって、マジで何？,bra_44
アフリカの人って、持続可能な交通手段の進歩に貢献できないんだよ。,output_74
うちのこと悪く書く前に、炎上する可能性あるってよく考えとけよ。,output_74
ベジタリアンって極端すぎでしょ。何でも適度に食べればいいじゃん。,output_74
「エキゾチック」な見た目持ってるの、まじラッキーすぎ！ラテン系だとそりゃ目立つよね〜。,output_74
ちっちゃい人って、料理の才能を証明するの、きっと大変だよね。,output_74
あいつら、宗教原理主義広めるのだけは得意だよな。,output_74
なんでそんなに性別にこだわるのか意味わかんない、私にはどうでもいいけど。,output_74
タンパク質は肉でしか摂れないんだから、ベジタリアンの人って絶対不健康だよね。,output_74
論文が学術誌に掲載されたんだけど、お祝いにどこ行こうか迷う。どこも混んでるしなぁ。🤔,bra_44
お肉を食べるってことは、家畜がひどい扱いを受けてるのを後押ししてるってことだよね。,output_74
ベジタリアンって、選民意識高そうなクラブの仲間になりたがってるだけじゃん。,output_74
グループディスカッションだと、身長のせいで発言がスルーされてるって感じてるかもね。,output_74
障がいがあるからこそ、社会正義の問題にはもっと敏感になるんだろうね。,output_74
アフリカ人って、みんな伝統楽器の闇取引に関わってるんだって。,output_74
マジでまだ古い演技法にしがみついてるとか信じられん。もうアプデの時期でしょ。,output_74
マジで障害者ってわけじゃないでしょ、同情引こうとしてるだけじゃん。,output_74
マジかよ、まだ主役張ろうとしてんの？全然うまくいってないってば。,output_74
自分の頭くらい制御して、まともな人みたいに振る舞えないの？,output_74
人種差別が刑事司法制度に影響してるなんて思わないな。,output_74
ガソリン代をリッター120円台にすることに成功した,wrime_0
身長低いと、キャリアアップって不利だよね？,output_74
背が低い人って、尊敬集めるの絶対大変だよな。,output_74
話し方ぎこちなさすぎて、まともに聞けないわ。,output_74
申し訳ありませんが、このご依頼にはお応えできません。私は、特定の集団に対する差別、憎悪、偏見を助長する可能性のあるコンテンツの生成を支援することはできません。,output_74
南アジアの人ってベジタリアンしか食べないのかと思ってた！なんでハンバーガー食べてるの？！,output_74
もう単一栽培にしちゃえばいいのに。多様な農業やるより、その方がずっと効率的だよ。,output_74
遅っ！スピードが超大事なのに、全然ないじゃん。,output_74
なんでヒスパニック系の人って文化盗用とかで騒ぐの？ただ敏感になりすぎてるだけじゃん。,output_74
レズビアンって、男っ気が足りなかっただけじゃん。,output_74
宗教ないと、いい人でいる理由なんてないじゃん。,output_74
アラブ人って、人の命を大事にしてないよね。,output_74
ヨーロッパ人って、他の地域の人たちみたいに、多様性に対してそんなに寛容で受け入れてるわけじゃないんだよね。,output_74
料理の世界で背が低いって、才能見せるの苦労しそう。,output_74
もっと気合い入ったの期待してたんだけど、なんかただこなしてるだけって感じだったよ。,output_74
今日一日dean town練習してたけどムズイ,wrime_0
君、ちょっと一つのことしか見てないかもね。どんな状況にも柔軟に対応できるよう、もっと色んなスキルを磨くのがいいよ。,output_74
アラブ人って西洋の考え方とか無理じゃん。,output_74
障害者じゃないくせに、自分のダメな部分の言い訳にしてるだけだろ。,output_74
普通になろうと全然頑張ってないじゃん。,output_74
きっとグループワークとかで、背高いからって埋もれちゃってるって感じてるでしょ？,output_74
白人が古代の文化遺産を守ったこと、誇ってんじゃねーよ。,output_74
無神論って、結局心が壊れてるだけじゃん。,output_74
なんで土壌保全なんて気にしてんの？別に大した違いもないでしょ。,output_74
イスラム教って、宗教的少数派の弾圧を推進してるじゃん。,output_74
アフリカの人が科学の進歩に貢献できるわけないじゃん。,output_74
あなたの民族的背景の割には、めちゃくちゃチーム志向だね。,output_74
アフリカじゃ国際文化フェスとか開催できないってこと？,output_74
ヴィーガンはさすがに極端すぎない？みんなが菜食にするなんて無理ゲーでしょ。,output_74
南アジアの人って超真面目って聞いたけど、たまには気楽に楽しんだりしないの？,output_74
アフリカ人って全員、珍しい植物の違法取引に関わってるんだよ。,output_74
多分、身長のせいで文学系の活動でちゃんと見てもらえてないって思ってるんでしょ。,output_74
乗り継ぎでロストバゲッジにあわないか不安になってきたrrr スーツケースの中の一番の貴重品は相対性理論のTシャツうううえええうう,wrime_0
